{
    "data": [
        {
            "SignIn": "2016-10-01 12:01:05",
            "Visitor": "Anisur Rahman",
            "Host": "Nazim Mahmud",
            "SiteName": "Fascebook"
        },
        {
            "SignIn": "2016-10-01 12:01:10",
            "Visitor": "Rafiq",
            "Host": "Nazim Mahmud",
            "SiteName": "Fascebook"
        },
        {
            "SignIn": "2016-10-02 12:01:15",
            "Visitor": "Shozib",
            "Host": "Abdus Salam",
            "SiteName": "Fascebook"
        },
        {
            "SignIn": "2016-10-02 12:01:20",
            "Visitor": "Shozib",
            "Host": "Abdus Salam",
            "SiteName": "Amazon"
        },
        {
            "SignIn": "2016-10-02 12:01:25",
            "Visitor": "Alim",
            "Host": "Abdus Salam",
            "SiteName": "Fascebook"
        },
        {
            "SignIn": "2016-10-02 12:01:30",
            "Visitor": "Kalam",
            "Host": "Nazim Mahmud",
            "SiteName": "Fascebook"
        },
        {
            "SignIn": "2016-09-28 10:01:40",
            "Visitor": "Mamun",
            "Host": "Abdus Salam",
            "SiteName": "Twitter"
        }
    ]

}