{
    "employee": [
        {
            "EmployeeName": "Anisur Rahman",
            "Division": "Software Development",
            "Email": "anis@gmail.com"
        },
        {
            "EmployeeName": "Goalam Kibria",
            "Division": "Software Development",
            "Email": "kibria@gmail.com"
        },
        {
            "EmployeeName": "Mamunur Rahman",
            "Division": "Software Development",
            "Email": "mamun@gmail.com"
        },
        {
            "EmployeeName": "Shamsur Rahman",
            "Division": "Software Development",
            "Email": "shamsur@gmail.com"
        }
    ]

}