{
    "visitor": [
        {
            "VisitorName": "Anisur Rahman",
            "VisitorCompany": "Softworks",
            "Host": "Salam",
            "EmployeeCompany": "Softworks",
            "SignIn": "2016-10-01",
            "SignOut": "-",
            "Phone": "+880 1924663948",
            "Email": "anis@gmail.com",
            "Duration": "20 m"
        },
        {
            "VisitorName": "Anisur Rahman",
            "VisitorCompany": "Softworks",
            "Host": "Salam",
            "EmployeeCompany": "Softworks",
            "SignIn": "2016-10-01",
            "SignOut": "-",
            "Phone": "+880 1924663948",
            "Email": "anis@gmail.com",
            "Duration": "20 m"
        },
        {
            "VisitorName": "Anisur Rahman",
            "VisitorCompany": "Softworks",
            "Host": "Salam",
            "EmployeeCompany": "Softworks",
            "SignIn": "2016-10-01",
            "SignOut": "-",
            "Phone": "+880 1924663948",
            "Email": "anis@gmail.com",
            "Duration": "15 m"
        },
        {
            "VisitorName": "Anisur Rahman",
            "VisitorCompany": "Softworks",
            "Host": "Nazim",
            "EmployeeCompany": "Softworks",
            "SignIn": "2016-10-01",
            "SignOut": "-",
            "Phone": "+880 1924663948",
            "Email": "anis@gmail.com",
            "Duration": "10 m"
        }
    ]

}